{"cameraMode":{"drawMode":0,"name":"Shaded","section":"Shading Mode"},"sceneLighting":true,"audioPlay":false,"sceneViewState":{"m_AlwaysRefresh":false,"showFog":true,"showSkybox":true,"showFlares":true,"showImageEffects":true,"showParticleSystems":false,"showVisualEffectGraphs":true,"m_FxEnabled":true},"in2DMode":false,"pivot":{"x":-2.8607161045074465,"y":-4.934769630432129,"z":13.670928001403809},"rotation":{"x":-0.27540847659111025,"y":-0.008695181459188462,"z":0.002348182024434209,"w":-0.9613792300224304},"size":12.262310981750489,"orthographic":false}